date,hospital_admission_rate,icu_hdu_admission_rate,test_positivity
2017-07-03,,,0.59
2017-07-10,,,0.0
2017-07-17,,,0.54
2017-07-24,,,0.5
2017-07-31,,,2.22
2017-08-07,,,0.0
2017-08-14,,,1.29
2017-08-21,,,0.6
2017-08-28,,,0.0
2017-09-04,,,1.63
2017-09-11,,,2.4
2017-09-18,,,0.42
2017-09-25,,,1.17
2017-10-02,,,2.8
2017-10-09,,,1.78
2017-10-16,,,0.4
2017-10-23,,,2.24
2017-10-30,,,0.92
2017-11-06,,,1.5
2017-11-13,,,0.86
2017-11-20,,,0.79
2017-11-27,,,1.02
2017-12-04,,,1.54
2017-12-11,,,4.79
2017-12-18,,,12.87
2017-12-25,,,22.73
2018-01-01,,,27.77
2018-01-08,,,25.53
2018-01-15,,,29.37
2018-01-22,,,26.18
2018-01-29,,,25.03
2018-02-05,,,27.48
2018-02-12,,,22.08
2018-02-19,,,28.55
2018-02-26,,,28.39
2018-03-05,,,24.04
2018-03-12,,,16.85
2018-03-19,,,18.39
2018-03-26,,,19.07
2018-04-02,,,21.7
2018-04-09,,,11.99
2018-04-16,,,8.04
2018-04-23,,,5.42
2018-04-30,,,2.99
2018-05-07,,,0.0
2018-05-14,,,1.47
2018-05-21,,,0.38
2018-05-28,,,0.41
2018-06-04,,,0.0
2018-06-11,,,0.0
2018-06-18,,,0.0
2018-06-25,,,0.0
2018-07-02,,,0.38
2018-07-09,,,0.45
2018-07-16,,,0.0
2018-07-23,,,0.0
2018-07-30,,,0.0
2018-08-06,,,0.0
2018-08-13,,,0.99
2018-08-20,,,0.0
2018-08-27,,,0.55
2018-09-03,,,0.53
2018-09-10,,,0.37
2018-09-17,,,0.0
2018-09-24,,,0.0
2018-10-01,,,0.31
2018-10-08,,,0.6
2018-10-15,,,0.68
2018-10-22,,,0.95
2018-10-29,,,1.63
2018-11-05,,,4.4
2018-11-12,,,3.25
2018-11-19,,,4.16
2018-11-26,,,5.24
2018-12-03,,,7.09
2018-12-10,,,13.72
2018-12-17,,,23.77
2018-12-24,,,30.2
2018-12-31,,,23.18
2019-01-07,,,21.61
2019-01-14,,,24.32
2019-01-21,,,27.39
2019-01-28,,,26.08
2019-02-04,,,25.28
2019-02-11,,,28.8
2019-02-18,,,23.35
2019-02-25,,,17.91
2019-03-04,,,10.2
2019-03-11,,,8.48
2019-03-18,,,7.38
2019-03-25,,,11.88
2019-04-01,,,5.79
2019-04-08,,,6.41
2019-04-15,,,8.96
2019-04-22,,,4.98
2019-04-29,,,3.77
2019-05-06,,,3.21
2019-05-13,,,1.72
2019-05-20,,,1.68
2019-05-27,,,2.53
2019-06-03,,,3.36
2019-06-10,,,2.45
2019-06-17,,,0.37
2019-06-24,,,0.78
2019-07-01,,,0.43
2019-07-08,,,0.36
2019-07-15,,,0.45
2019-07-22,,,0.0
2019-07-29,,,0.0
2019-08-05,,,0.57
2019-08-12,,,4.55
2019-08-19,,,0.45
2019-08-26,,,0.0
2019-09-02,,,0.48
2019-09-09,,,0.83
2019-09-16,,,0.35
2019-09-23,,,0.68
2019-09-30,,,0.91
2019-10-07,,,6.04
2019-10-14,,,4.25
2019-10-21,,,3.89
2019-10-28,,,7.08
2019-11-04,,,4.79
2019-11-11,,,6.21
2019-11-18,,,9.7
2019-11-25,,,11.76
2019-12-02,,,17.57
2019-12-09,,,21.74
2019-12-16,,,26.47
2019-12-23,,,26.45
2019-12-30,,,18.36
2020-01-06,,,11.93
2020-01-13,,,5.47
2020-01-20,,,4.95
2020-01-27,,,4.7
2020-02-03,,,3.56
2020-02-10,,,2.25
2020-02-17,,,3.07
2020-02-24,,,3.39
2020-03-02,,,4.44
2020-03-09,,,2.44
2020-03-16,,,1.01
2020-03-23,,,1.37
2020-03-30,,,0.0
2020-04-06,,,0.0
2020-04-13,,,9.4
2020-04-20,,,2.34
2020-04-27,,,0.27
2020-05-04,,,0.0
2020-05-11,,,0.0
2020-05-18,,,0.0
2020-05-25,,,0.0
2020-06-01,,,0.0
2020-06-08,,,0.0
2020-06-15,,,0.0
2020-06-22,,,0.0
2020-06-29,,,0.0
2020-07-06,,,0.0
2020-07-13,,,0.0
2020-07-20,,,0.0
2020-07-27,,,0.0
2020-08-03,,,0.0
2020-08-10,,,0.0
2020-08-17,,,0.0
2020-08-24,,,0.0
2020-08-31,,,0.0
2020-09-07,,,0.0
2020-09-14,,,0.0
2020-09-21,,,0.0
2020-09-28,0.0,0.0,0.0
2020-10-05,0.0,0.0,0.53
2020-10-12,0.11,0.0,0.65
2020-10-19,0.11,0.0,0.0
2020-10-26,0.0,0.0,0.0
2020-11-02,0.0,0.0,0.0
2020-11-09,0.0,0.0,0.0
2020-11-16,,0.0,0.0
2020-11-23,0.0,0.0,0.0
2020-11-30,0.0,0.0,0.0
2020-12-07,0.0,0.0,0.0
2020-12-14,0.0,0.0,0.0
2020-12-21,0.0,0.0,0.0
2020-12-28,0.0,0.0,0.0
2021-01-04,0.0,0.0,0.0
2021-01-11,0.0,0.0,0.0
2021-01-18,0.0,0.0,0.0
2021-01-25,0.0,0.0,0.0
2021-02-01,0.0,0.0,0.0
2021-02-08,,0.0,0.0
2021-02-15,0.0,0.0,0.0
2021-02-22,0.0,0.0,0.0
2021-03-01,0.0,0.0,0.0
2021-03-08,0.0,0.0,0.0
2021-03-15,0.0,0.0,0.0
2021-03-22,0.0,0.0,0.0
2021-03-29,0.0,0.0,0.39
2021-04-05,0.0,0.0,0.0
2021-04-12,0.0,0.0,0.0
2021-04-19,0.0,0.0,0.0
2021-04-26,0.0,0.0,0.0
2021-05-03,0.0,0.0,0.0
2021-05-10,0.0,0.0,0.0
2021-05-17,0.0,0.0,0.0
2021-05-24,0.0,0.0,0.0
2021-05-31,0.0,0.0,0.0
2021-06-07,0.0,0.0,0.0
2021-06-14,0.0,0.0,0.0
2021-06-21,0.0,0.0,0.0
2021-06-28,0.0,0.0,0.0
2021-07-05,0.0,0.0,0.0
2021-07-12,0.0,0.0,0.0
2021-07-19,0.0,0.0,0.0
2021-07-26,0.0,0.0,0.0
2021-08-02,0.0,0.0,0.0
2021-08-09,0.0,0.0,0.0
2021-08-16,0.0,0.04,0.0
2021-08-23,0.0,0.04,0.0
2021-08-30,0.0,0.0,0.0
2021-09-06,0.0,0.0,0.0
2021-09-13,0.0,0.0,0.0
2021-09-20,0.0,0.0,0.93
2021-09-27,0.11,0.0,1.11
2021-10-04,1.58,0.0,0.72
2021-10-11,1.05,0.0,1.62
2021-10-18,0.42,0.0,0.58
2021-10-25,0.32,0.0,0.23
2021-11-01,0.11,0.0,0.17
2021-11-08,0.11,0.0,0.24
2021-11-15,0.11,0.0,0.0
2021-11-22,0.0,0.0,0.29
2021-11-29,0.21,0.0,0.91
2021-12-06,0.11,0.0,0.26
2021-12-13,0.0,0.0,0.0
2021-12-20,0.53,0.0,0.0
2021-12-27,0.11,0.0,0.0
2022-01-03,0.21,0.0,0.51
2022-01-10,0.0,0.0,0.0
2022-01-17,0.11,0.0,0.0
2022-01-24,0.32,0.0,0.0
2022-01-31,0.53,0.0,0.57
2022-02-07,0.11,0.0,0.0
2022-02-14,0.32,0.0,0.0
2022-02-21,0.84,0.0,2.25
2022-02-28,0.84,0.0,3.95
2022-03-07,1.37,0.0,0.82
2022-03-14,1.79,0.0,3.36
2022-03-21,0.53,0.0,1.51
2022-03-28,0.84,0.0,1.02
2022-04-04,1.05,0.0,1.65
2022-04-11,0.74,0.0,1.26
2022-04-18,1.05,0.0,1.37
2022-04-25,0.32,0.0,0.0
2022-05-02,0.42,0.0,1.21
2022-05-09,0.95,0.0,3.02
2022-05-16,0.21,0.0,0.46
2022-05-23,0.0,0.0,0.0
2022-05-30,0.21,0.0,0.55
2022-06-06,0.11,0.0,0.89
2022-06-13,0.11,0.0,0.65
2022-06-20,0.11,0.0,1.14
2022-06-27,0.11,0.0,0.48
2022-07-04,0.0,0.0,0.0
2022-07-11,,0.0,0.0
2022-07-18,,0.0,0.0
2022-07-25,,0.0,0.56
2022-08-01,,0.0,2.67
2022-08-08,,0.0,0.0
2022-08-15,,0.0,3.75
2022-08-22,,0.0,1.97
2022-08-29,,0.0,3.91
2022-09-05,,0.0,1.16
2022-09-12,,0.0,2.86
2022-09-19,,0.0,2.54
2022-09-26,0.74,0.0,1.53
2022-10-03,1.37,0.0,1.2
2022-10-10,,0.03,4.79
2022-10-17,2.11,0.03,3.23
2022-10-24,1.9,0.03,3.48
2022-10-31,2.0,0.0,3.16
2022-11-07,1.37,0.0,1.83
2022-11-14,2.85,0.0,8.18
2022-11-21,2.64,0.03,7.36
2022-11-28,4.11,0.11,15.5
2022-12-05,9.38,0.24,20.35
2022-12-12,9.38,0.27,19.58
2022-12-19,21.08,1.12,27.1
2022-12-26,17.08,0.35,23.47
2023-01-02,12.02,0.13,14.83
2023-01-09,5.27,0.21,8.77
2023-01-16,1.79,0.4,6.98
2023-01-23,2.21,0.03,3.0
2023-01-30,1.48,0.05,4.49
2023-02-06,1.27,0.08,3.15
2023-02-13,2.53,0.0,3.41
2023-02-20,2.11,0.13,1.34
2023-02-27,1.16,0.03,0.0
2023-03-06,1.37,0.05,6.3
2023-03-13,0.63,0.13,1.95
2023-03-20,0.63,0.0,1.15
2023-03-27,1.16,0.08,2.94
2023-04-03,0.11,0.11,0.82
2023-04-10,0.32,0.0,1.96
2023-04-17,0.21,0.0,0.41
2023-04-24,0.11,0.03,0.0
2023-05-01,0.11,0.0,0.42
2023-05-08,0.0,0.0,0.0
2023-05-15,0.11,0.0,0.0
2023-05-22,,0.0,0.45
2023-05-29,,0.0,0.37
2023-06-05,,0.0,0.0
2023-06-12,,0.0,1.19
2023-06-19,,0.0,0.0
2023-06-26,,0.0,0.0
2023-07-03,,0.0,1.22
2023-07-10,,0.0,0.0
2023-07-17,,0.0,0.0
2023-07-24,,0.0,0.0
2023-07-31,0.0,0.0,1.12
2023-08-07,,0.0,0.43
2023-08-14,,0.0,0.48
2023-08-21,,0.0,0.45
2023-08-28,,0.0,2.49
2023-09-04,,0.0,0.0
2023-09-11,,0.0,0.53
2023-09-18,,0.0,0.45
2023-09-25,,0.0,0.4
2023-10-02,0.42,0.0,1.85
2023-10-09,0.11,0.0,0.0
2023-10-16,0.53,0.0,1.21
2023-10-23,0.53,0.07,1.52
2023-10-30,0.95,0.0,2.02
2023-11-06,0.74,0.0,1.35
2023-11-13,1.16,0.03,1.19
2023-11-20,1.37,0.0,1.78
2023-11-27,1.37,0.0,3.07
2023-12-04,2.42,0.03,5.92
2023-12-11,3.31,0.03,8.57
2023-12-18,4.85,0.13,11.58
2023-12-25,6.43,0.06,12.12
2024-01-01,4.03,0.03,9.14
2024-01-08,3.15,0.09,7.19
2024-01-15,5.27,0.18,7.78
2024-01-22,6.05,0.15,12.04
2024-01-29,7.17,0.33,11.27
2024-02-05,4.76,0.24,11.14
2024-02-12,3.8,0.0,9.81
2024-02-19,1.86,0.12,7.26
2024-02-26,0.95,0.06,4.59
2024-03-04,1.29,0.0,6.41
2024-03-11,1.79,0.06,6.14
2024-03-18,1.9,0.09,6.03
2024-03-25,0.74,0.06,4.36
2024-04-01,0.81,0.12,3.98
2024-04-08,0.53,0.06,1.93
2024-04-15,0.32,0.0,2.13
2024-04-22,0.32,0.0,3.01
2024-04-29,0.63,0.03,1.53
2024-05-06,0.21,0.0,1.04
2024-05-13,0.32,0.0,1.24
2024-05-20,,0.0,0.26
2024-05-27,,0.0,0.19
2024-06-03,,0.0,0.21
2024-06-10,,0.0,0.18
2024-06-17,,0.0,0.19
2024-06-24,,0.0,0.0
2024-07-01,,0.0,1.25
2024-07-08,,0.0,0.48
2024-07-15,,0.0,1.22
2024-07-22,,0.0,1.0
2024-07-29,,0.0,0.95
2024-08-05,,0.0,0.0
2024-08-12,,0.0,0.0
2024-08-19,,0.0,0.81
2024-08-26,,0.0,1.44
2024-09-02,,0.0,0.3
2024-09-09,,0.0,0.0
2024-09-16,,0.0,1.23
2024-09-23,,0.0,2.94
2024-09-30,,0.0,4.9
2024-10-07,,0.0,6.99
2024-10-14,,0.02,10.83
2024-10-21,,0.08,17.05
2024-10-28,,0.05,8.82
2024-11-04,,0.0,10.22
2024-11-11,,0.02,19.91
2024-11-18,,0.07,19.05
2024-11-25,,0.18,21.62
2024-12-02,,0.15,2.63
2024-12-09,,0.19,17.37
2024-12-16,,0.44,17.59
2024-12-23,,0.29,25.15
2024-12-30,,0.17,6.9
2025-01-06,,0.1,11.04
2025-01-13,,0.1,8.74
2025-01-20,,0.02,10.71
2025-01-27,,0.0,9.84
2025-02-03,,0.1,7.02
2025-02-10,,0.03,3.72
2025-02-17,,0.0,8.33
2025-02-24,,0.0,9.62
2025-03-03,,0.05,5.36
2025-03-10,,0.05,4.91
2025-03-17,,0.0,4.7
2025-03-24,,0.0,2.72
2025-03-31,,0.02,1.43
2025-04-07,,0.0,3.36
2025-04-14,,0.02,2.56
2025-04-21,,0.0,1.0
2025-04-28,,0.0,2.58
2025-05-05,,0.0,3.51
2025-05-12,,0.0,0.0
2025-05-19,,0.0,0.0
2025-05-26,,0.0,0.0
2025-06-02,,0.0,1.68
2025-06-09,,0.0,0.0
2025-06-16,,0.0,0.0
2025-06-23,,0.0,0.0
2025-06-30,,0.0,3.45
2025-07-07,,0.0,0.0
2025-07-14,,0.0,2.56
2025-07-21,,0.0,0.0
2025-07-28,,0.0,0.0
2025-08-04,,0.0,1.0
2025-08-11,,0.0,0.0
2025-08-18,,0.0,2.86
2025-08-25,,0.0,1.99
2025-09-01,,0.0,1.37
2025-09-08,,0.0,0.43
2025-09-15,,0.0,1.45
2025-09-22,,0.0,4.0
2025-09-29,,0.03,3.0
2025-10-06,,0.02,12.35
2025-10-13,,0.03,2.94
2025-10-20,,0.04,3.03
2025-10-27,,0.17,13.64
2025-11-03,,0.0,13.74
2025-11-10,,0.07,12.0
2025-11-17,,0.02,10.0
2025-11-24,,0.1,17.21
2025-12-01,,0.15,18.56
2025-12-08,,0.1,15.91
2025-12-15,,0.33,13.27
2025-12-22,,0.37,13.07
2025-12-29,,0.17,11.75
2026-01-05,,0.18,8.63
2026-01-12,,0.1,5.84
2026-01-19,,0.03,9.68
2026-01-26,,0.03,4.14
2026-02-02,,0.09,3.14
2026-02-09,,0.0,2.78
2026-02-16,,0.0,2.26
2026-02-23,,0.0,1.78
2026-03-02,,0.08,2.28
2026-03-09,,0.03,2.17
2026-03-16,,0.03,0.0
2026-03-23,,0.0,1.63
2026-03-30,,0.0,1.03
2026-04-06,,0.0,0.0
2026-04-13,,0.0,1.25
2026-04-20,,0.0,1.69
2026-04-27,,,0.0
2026-05-04,,,0.84
2026-05-11,,,0.43
2026-05-18,,,0.0
2026-05-25,,,0.0
2026-06-01,,,0.0
2026-06-08,,,1.42
2026-06-15,,,2.56
2026-06-22,,,0.0
2026-06-29,,,0.0
2026-07-06,,,0.69
2026-07-13,,,1.23
2026-07-20,,,0.75
2026-07-27,,,1.74
2026-08-03,,,2.07
2026-08-10,,,3.16
2026-08-17,,,4.97
2026-08-24,,,3.31
2026-08-31,,,0.0
