theme,sub_theme,topic,geography_type,geography,geography_code,metric,metric_group,stratum,sex,age,year,month,epiweek,date,metric_value,in_reporting_delay_period
infectious_disease,respiratory,Influenza,UKHSA Region,East Midlands,E45000016,influenza_healthcare_hospitalAdmissionRateByWeek,healthcare,default,all,all,2020,9,40,2020-09-28,0.0,False
infectious_disease,respiratory,Influenza,UKHSA Region,East Midlands,E45000016,influenza_healthcare_hospitalAdmissionRateByWeek,healthcare,default,all,all,2020,10,41,2020-10-05,0.0,False
infectious_disease,respiratory,Influenza,UKHSA Region,East Midlands,E45000016,influenza_healthcare_hospitalAdmissionRateByWeek,healthcare,default,all,all,2020,10,42,2020-10-12,0.11,False
infectious_disease,respiratory,Influenza,UKHSA Region,East Midlands,E45000016,influenza_healthcare_hospitalAdmissionRateByWeek,healthcare,default,all,all,2020,10,43,2020-10-19,0.11,False
infectious_disease,respiratory,Influenza,UKHSA Region,East Midlands,E45000016,influenza_healthcare_hospitalAdmissionRateByWeek,healthcare,default,all,all,2020,10,44,2020-10-26,0.0,False
infectious_disease,respiratory,Influenza,UKHSA Region,East Midlands,E45000016,influenza_healthcare_hospitalAdmissionRateByWeek,healthcare,default,all,all,2020,11,45,2020-11-02,0.0,False
infectious_disease,respiratory,Influenza,UKHSA Region,East Midlands,E45000016,influenza_healthcare_hospitalAdmissionRateByWeek,healthcare,default,all,all,2020,11,46,2020-11-09,0.0,False
infectious_disease,respiratory,Influenza,UKHSA Region,East Midlands,E45000016,influenza_healthcare_hospitalAdmissionRateByWeek,healthcare,default,all,all,2020,11,48,2020-11-23,0.0,False
infectious_disease,respiratory,Influenza,UKHSA Region,East Midlands,E45000016,influenza_healthcare_hospitalAdmissionRateByWeek,healthcare,default,all,all,2020,11,49,2020-11-30,0.0,False
infectious_disease,respiratory,Influenza,UKHSA Region,East Midlands,E45000016,influenza_healthcare_hospitalAdmissionRateByWeek,healthcare,default,all,all,2020,12,50,2020-12-07,0.0,False
infectious_disease,respiratory,Influenza,UKHSA Region,East Midlands,E45000016,influenza_healthcare_hospitalAdmissionRateByWeek,healthcare,default,all,all,2020,12,51,2020-12-14,0.0,False
infectious_disease,respiratory,Influenza,UKHSA Region,East Midlands,E45000016,influenza_healthcare_hospitalAdmissionRateByWeek,healthcare,default,all,all,2020,12,52,2020-12-21,0.0,False
infectious_disease,respiratory,Influenza,UKHSA Region,East Midlands,E45000016,influenza_healthcare_hospitalAdmissionRateByWeek,healthcare,default,all,all,2020,12,53,2020-12-28,0.0,False
infectious_disease,respiratory,Influenza,UKHSA Region,East Midlands,E45000016,influenza_healthcare_hospitalAdmissionRateByWeek,healthcare,default,all,all,2021,1,1,2021-01-04,0.0,False
infectious_disease,respiratory,Influenza,UKHSA Region,East Midlands,E45000016,influenza_healthcare_hospitalAdmissionRateByWeek,healthcare,default,all,all,2021,1,2,2021-01-11,0.0,False
infectious_disease,respiratory,Influenza,UKHSA Region,East Midlands,E45000016,influenza_healthcare_hospitalAdmissionRateByWeek,healthcare,default,all,all,2021,1,3,2021-01-18,0.0,False
infectious_disease,respiratory,Influenza,UKHSA Region,East Midlands,E45000016,influenza_healthcare_hospitalAdmissionRateByWeek,healthcare,default,all,all,2021,1,4,2021-01-25,0.0,False
infectious_disease,respiratory,Influenza,UKHSA Region,East Midlands,E45000016,influenza_healthcare_hospitalAdmissionRateByWeek,healthcare,default,all,all,2021,2,5,2021-02-01,0.0,False
infectious_disease,respiratory,Influenza,UKHSA Region,East Midlands,E45000016,influenza_healthcare_hospitalAdmissionRateByWeek,healthcare,default,all,all,2021,2,7,2021-02-15,0.0,False
infectious_disease,respiratory,Influenza,UKHSA Region,East Midlands,E45000016,influenza_healthcare_hospitalAdmissionRateByWeek,healthcare,default,all,all,2021,2,8,2021-02-22,0.0,False
infectious_disease,respiratory,Influenza,UKHSA Region,East Midlands,E45000016,influenza_healthcare_hospitalAdmissionRateByWeek,healthcare,default,all,all,2021,3,9,2021-03-01,0.0,False
infectious_disease,respiratory,Influenza,UKHSA Region,East Midlands,E45000016,influenza_healthcare_hospitalAdmissionRateByWeek,healthcare,default,all,all,2021,3,10,2021-03-08,0.0,False
infectious_disease,respiratory,Influenza,UKHSA Region,East Midlands,E45000016,influenza_healthcare_hospitalAdmissionRateByWeek,healthcare,default,all,all,2021,3,11,2021-03-15,0.0,False
infectious_disease,respiratory,Influenza,UKHSA Region,East Midlands,E45000016,influenza_healthcare_hospitalAdmissionRateByWeek,healthcare,default,all,all,2021,3,12,2021-03-22,0.0,False
infectious_disease,respiratory,Influenza,UKHSA Region,East Midlands,E45000016,influenza_healthcare_hospitalAdmissionRateByWeek,healthcare,default,all,all,2021,3,13,2021-03-29,0.0,False
infectious_disease,respiratory,Influenza,UKHSA Region,East Midlands,E45000016,influenza_healthcare_hospitalAdmissionRateByWeek,healthcare,default,all,all,2021,4,14,2021-04-05,0.0,False
infectious_disease,respiratory,Influenza,UKHSA Region,East Midlands,E45000016,influenza_healthcare_hospitalAdmissionRateByWeek,healthcare,default,all,all,2021,4,15,2021-04-12,0.0,False
infectious_disease,respiratory,Influenza,UKHSA Region,East Midlands,E45000016,influenza_healthcare_hospitalAdmissionRateByWeek,healthcare,default,all,all,2021,4,16,2021-04-19,0.0,False
infectious_disease,respiratory,Influenza,UKHSA Region,East Midlands,E45000016,influenza_healthcare_hospitalAdmissionRateByWeek,healthcare,default,all,all,2021,4,17,2021-04-26,0.0,False
infectious_disease,respiratory,Influenza,UKHSA Region,East Midlands,E45000016,influenza_healthcare_hospitalAdmissionRateByWeek,healthcare,default,all,all,2021,5,18,2021-05-03,0.0,False
infectious_disease,respiratory,Influenza,UKHSA Region,East Midlands,E45000016,influenza_healthcare_hospitalAdmissionRateByWeek,healthcare,default,all,all,2021,5,19,2021-05-10,0.0,False
infectious_disease,respiratory,Influenza,UKHSA Region,East Midlands,E45000016,influenza_healthcare_hospitalAdmissionRateByWeek,healthcare,default,all,all,2021,5,20,2021-05-17,0.0,False
infectious_disease,respiratory,Influenza,UKHSA Region,East Midlands,E45000016,influenza_healthcare_hospitalAdmissionRateByWeek,healthcare,default,all,all,2021,5,21,2021-05-24,0.0,False
infectious_disease,respiratory,Influenza,UKHSA Region,East Midlands,E45000016,influenza_healthcare_hospitalAdmissionRateByWeek,healthcare,default,all,all,2021,5,22,2021-05-31,0.0,False
infectious_disease,respiratory,Influenza,UKHSA Region,East Midlands,E45000016,influenza_healthcare_hospitalAdmissionRateByWeek,healthcare,default,all,all,2021,6,23,2021-06-07,0.0,False
infectious_disease,respiratory,Influenza,UKHSA Region,East Midlands,E45000016,influenza_healthcare_hospitalAdmissionRateByWeek,healthcare,default,all,all,2021,6,24,2021-06-14,0.0,False
infectious_disease,respiratory,Influenza,UKHSA Region,East Midlands,E45000016,influenza_healthcare_hospitalAdmissionRateByWeek,healthcare,default,all,all,2021,6,25,2021-06-21,0.0,False
infectious_disease,respiratory,Influenza,UKHSA Region,East Midlands,E45000016,influenza_healthcare_hospitalAdmissionRateByWeek,healthcare,default,all,all,2021,6,26,2021-06-28,0.0,False
infectious_disease,respiratory,Influenza,UKHSA Region,East Midlands,E45000016,influenza_healthcare_hospitalAdmissionRateByWeek,healthcare,default,all,all,2021,7,27,2021-07-05,0.0,False
infectious_disease,respiratory,Influenza,UKHSA Region,East Midlands,E45000016,influenza_healthcare_hospitalAdmissionRateByWeek,healthcare,default,all,all,2021,7,28,2021-07-12,0.0,False
infectious_disease,respiratory,Influenza,UKHSA Region,East Midlands,E45000016,influenza_healthcare_hospitalAdmissionRateByWeek,healthcare,default,all,all,2021,7,29,2021-07-19,0.0,False
infectious_disease,respiratory,Influenza,UKHSA Region,East Midlands,E45000016,influenza_healthcare_hospitalAdmissionRateByWeek,healthcare,default,all,all,2021,7,30,2021-07-26,0.0,False
infectious_disease,respiratory,Influenza,UKHSA Region,East Midlands,E45000016,influenza_healthcare_hospitalAdmissionRateByWeek,healthcare,default,all,all,2021,8,31,2021-08-02,0.0,False
infectious_disease,respiratory,Influenza,UKHSA Region,East Midlands,E45000016,influenza_healthcare_hospitalAdmissionRateByWeek,healthcare,default,all,all,2021,8,32,2021-08-09,0.0,False
infectious_disease,respiratory,Influenza,UKHSA Region,East Midlands,E45000016,influenza_healthcare_hospitalAdmissionRateByWeek,healthcare,default,all,all,2021,8,33,2021-08-16,0.0,False
infectious_disease,respiratory,Influenza,UKHSA Region,East Midlands,E45000016,influenza_healthcare_hospitalAdmissionRateByWeek,healthcare,default,all,all,2021,8,34,2021-08-23,0.0,False
infectious_disease,respiratory,Influenza,UKHSA Region,East Midlands,E45000016,influenza_healthcare_hospitalAdmissionRateByWeek,healthcare,default,all,all,2021,8,35,2021-08-30,0.0,False
infectious_disease,respiratory,Influenza,UKHSA Region,East Midlands,E45000016,influenza_healthcare_hospitalAdmissionRateByWeek,healthcare,default,all,all,2021,9,36,2021-09-06,0.0,False
infectious_disease,respiratory,Influenza,UKHSA Region,East Midlands,E45000016,influenza_healthcare_hospitalAdmissionRateByWeek,healthcare,default,all,all,2021,9,37,2021-09-13,0.0,False
infectious_disease,respiratory,Influenza,UKHSA Region,East Midlands,E45000016,influenza_healthcare_hospitalAdmissionRateByWeek,healthcare,default,all,all,2021,9,38,2021-09-20,0.0,False
infectious_disease,respiratory,Influenza,UKHSA Region,East Midlands,E45000016,influenza_healthcare_hospitalAdmissionRateByWeek,healthcare,default,all,all,2021,9,39,2021-09-27,0.11,False
infectious_disease,respiratory,Influenza,UKHSA Region,East Midlands,E45000016,influenza_healthcare_hospitalAdmissionRateByWeek,healthcare,default,all,all,2021,10,40,2021-10-04,1.58,False
infectious_disease,respiratory,Influenza,UKHSA Region,East Midlands,E45000016,influenza_healthcare_hospitalAdmissionRateByWeek,healthcare,default,all,all,2021,10,41,2021-10-11,1.05,False
infectious_disease,respiratory,Influenza,UKHSA Region,East Midlands,E45000016,influenza_healthcare_hospitalAdmissionRateByWeek,healthcare,default,all,all,2021,10,42,2021-10-18,0.42,False
infectious_disease,respiratory,Influenza,UKHSA Region,East Midlands,E45000016,influenza_healthcare_hospitalAdmissionRateByWeek,healthcare,default,all,all,2021,10,43,2021-10-25,0.32,False
infectious_disease,respiratory,Influenza,UKHSA Region,East Midlands,E45000016,influenza_healthcare_hospitalAdmissionRateByWeek,healthcare,default,all,all,2021,11,44,2021-11-01,0.11,False
infectious_disease,respiratory,Influenza,UKHSA Region,East Midlands,E45000016,influenza_healthcare_hospitalAdmissionRateByWeek,healthcare,default,all,all,2021,11,45,2021-11-08,0.11,False
infectious_disease,respiratory,Influenza,UKHSA Region,East Midlands,E45000016,influenza_healthcare_hospitalAdmissionRateByWeek,healthcare,default,all,all,2021,11,46,2021-11-15,0.11,False
infectious_disease,respiratory,Influenza,UKHSA Region,East Midlands,E45000016,influenza_healthcare_hospitalAdmissionRateByWeek,healthcare,default,all,all,2021,11,47,2021-11-22,0.0,False
infectious_disease,respiratory,Influenza,UKHSA Region,East Midlands,E45000016,influenza_healthcare_hospitalAdmissionRateByWeek,healthcare,default,all,all,2021,11,48,2021-11-29,0.21,False
infectious_disease,respiratory,Influenza,UKHSA Region,East Midlands,E45000016,influenza_healthcare_hospitalAdmissionRateByWeek,healthcare,default,all,all,2021,12,49,2021-12-06,0.11,False
infectious_disease,respiratory,Influenza,UKHSA Region,East Midlands,E45000016,influenza_healthcare_hospitalAdmissionRateByWeek,healthcare,default,all,all,2021,12,50,2021-12-13,0.0,False
infectious_disease,respiratory,Influenza,UKHSA Region,East Midlands,E45000016,influenza_healthcare_hospitalAdmissionRateByWeek,healthcare,default,all,all,2021,12,51,2021-12-20,0.53,False
infectious_disease,respiratory,Influenza,UKHSA Region,East Midlands,E45000016,influenza_healthcare_hospitalAdmissionRateByWeek,healthcare,default,all,all,2021,12,52,2021-12-27,0.11,False
infectious_disease,respiratory,Influenza,UKHSA Region,East Midlands,E45000016,influenza_healthcare_hospitalAdmissionRateByWeek,healthcare,default,all,all,2022,1,1,2022-01-03,0.21,False
infectious_disease,respiratory,Influenza,UKHSA Region,East Midlands,E45000016,influenza_healthcare_hospitalAdmissionRateByWeek,healthcare,default,all,all,2022,1,2,2022-01-10,0.0,False
infectious_disease,respiratory,Influenza,UKHSA Region,East Midlands,E45000016,influenza_healthcare_hospitalAdmissionRateByWeek,healthcare,default,all,all,2022,1,3,2022-01-17,0.11,False
infectious_disease,respiratory,Influenza,UKHSA Region,East Midlands,E45000016,influenza_healthcare_hospitalAdmissionRateByWeek,healthcare,default,all,all,2022,1,4,2022-01-24,0.32,False
infectious_disease,respiratory,Influenza,UKHSA Region,East Midlands,E45000016,influenza_healthcare_hospitalAdmissionRateByWeek,healthcare,default,all,all,2022,1,5,2022-01-31,0.53,False
infectious_disease,respiratory,Influenza,UKHSA Region,East Midlands,E45000016,influenza_healthcare_hospitalAdmissionRateByWeek,healthcare,default,all,all,2022,2,6,2022-02-07,0.11,False
infectious_disease,respiratory,Influenza,UKHSA Region,East Midlands,E45000016,influenza_healthcare_hospitalAdmissionRateByWeek,healthcare,default,all,all,2022,2,7,2022-02-14,0.32,False
infectious_disease,respiratory,Influenza,UKHSA Region,East Midlands,E45000016,influenza_healthcare_hospitalAdmissionRateByWeek,healthcare,default,all,all,2022,2,8,2022-02-21,0.84,False
infectious_disease,respiratory,Influenza,UKHSA Region,East Midlands,E45000016,influenza_healthcare_hospitalAdmissionRateByWeek,healthcare,default,all,all,2022,2,9,2022-02-28,0.84,False
infectious_disease,respiratory,Influenza,UKHSA Region,East Midlands,E45000016,influenza_healthcare_hospitalAdmissionRateByWeek,healthcare,default,all,all,2022,3,10,2022-03-07,1.37,False
infectious_disease,respiratory,Influenza,UKHSA Region,East Midlands,E45000016,influenza_healthcare_hospitalAdmissionRateByWeek,healthcare,default,all,all,2022,3,11,2022-03-14,1.79,False
infectious_disease,respiratory,Influenza,UKHSA Region,East Midlands,E45000016,influenza_healthcare_hospitalAdmissionRateByWeek,healthcare,default,all,all,2022,3,12,2022-03-21,0.53,False
infectious_disease,respiratory,Influenza,UKHSA Region,East Midlands,E45000016,influenza_healthcare_hospitalAdmissionRateByWeek,healthcare,default,all,all,2022,3,13,2022-03-28,0.84,False
infectious_disease,respiratory,Influenza,UKHSA Region,East Midlands,E45000016,influenza_healthcare_hospitalAdmissionRateByWeek,healthcare,default,all,all,2022,4,14,2022-04-04,1.05,False
infectious_disease,respiratory,Influenza,UKHSA Region,East Midlands,E45000016,influenza_healthcare_hospitalAdmissionRateByWeek,healthcare,default,all,all,2022,4,15,2022-04-11,0.74,False
infectious_disease,respiratory,Influenza,UKHSA Region,East Midlands,E45000016,influenza_healthcare_hospitalAdmissionRateByWeek,healthcare,default,all,all,2022,4,16,2022-04-18,1.05,False
infectious_disease,respiratory,Influenza,UKHSA Region,East Midlands,E45000016,influenza_healthcare_hospitalAdmissionRateByWeek,healthcare,default,all,all,2022,4,17,2022-04-25,0.32,False
infectious_disease,respiratory,Influenza,UKHSA Region,East Midlands,E45000016,influenza_healthcare_hospitalAdmissionRateByWeek,healthcare,default,all,all,2022,5,18,2022-05-02,0.42,False
infectious_disease,respiratory,Influenza,UKHSA Region,East Midlands,E45000016,influenza_healthcare_hospitalAdmissionRateByWeek,healthcare,default,all,all,2022,5,19,2022-05-09,0.95,False
infectious_disease,respiratory,Influenza,UKHSA Region,East Midlands,E45000016,influenza_healthcare_hospitalAdmissionRateByWeek,healthcare,default,all,all,2022,5,20,2022-05-16,0.21,False
infectious_disease,respiratory,Influenza,UKHSA Region,East Midlands,E45000016,influenza_healthcare_hospitalAdmissionRateByWeek,healthcare,default,all,all,2022,5,21,2022-05-23,0.0,False
infectious_disease,respiratory,Influenza,UKHSA Region,East Midlands,E45000016,influenza_healthcare_hospitalAdmissionRateByWeek,healthcare,default,all,all,2022,5,22,2022-05-30,0.21,False
infectious_disease,respiratory,Influenza,UKHSA Region,East Midlands,E45000016,influenza_healthcare_hospitalAdmissionRateByWeek,healthcare,default,all,all,2022,6,23,2022-06-06,0.11,False
infectious_disease,respiratory,Influenza,UKHSA Region,East Midlands,E45000016,influenza_healthcare_hospitalAdmissionRateByWeek,healthcare,default,all,all,2022,6,24,2022-06-13,0.11,False
infectious_disease,respiratory,Influenza,UKHSA Region,East Midlands,E45000016,influenza_healthcare_hospitalAdmissionRateByWeek,healthcare,default,all,all,2022,6,25,2022-06-20,0.11,False
infectious_disease,respiratory,Influenza,UKHSA Region,East Midlands,E45000016,influenza_healthcare_hospitalAdmissionRateByWeek,healthcare,default,all,all,2022,6,26,2022-06-27,0.11,False
infectious_disease,respiratory,Influenza,UKHSA Region,East Midlands,E45000016,influenza_healthcare_hospitalAdmissionRateByWeek,healthcare,default,all,all,2022,7,27,2022-07-04,0.0,False
infectious_disease,respiratory,Influenza,UKHSA Region,East Midlands,E45000016,influenza_healthcare_hospitalAdmissionRateByWeek,healthcare,default,all,all,2022,9,39,2022-09-26,0.74,False
infectious_disease,respiratory,Influenza,UKHSA Region,East Midlands,E45000016,influenza_healthcare_hospitalAdmissionRateByWeek,healthcare,default,all,all,2022,10,40,2022-10-03,1.37,False
infectious_disease,respiratory,Influenza,UKHSA Region,East Midlands,E45000016,influenza_healthcare_hospitalAdmissionRateByWeek,healthcare,default,all,all,2022,10,42,2022-10-17,2.11,False
infectious_disease,respiratory,Influenza,UKHSA Region,East Midlands,E45000016,influenza_healthcare_hospitalAdmissionRateByWeek,healthcare,default,all,all,2022,10,43,2022-10-24,1.9,False
infectious_disease,respiratory,Influenza,UKHSA Region,East Midlands,E45000016,influenza_healthcare_hospitalAdmissionRateByWeek,healthcare,default,all,all,2022,10,44,2022-10-31,2.0,False
infectious_disease,respiratory,Influenza,UKHSA Region,East Midlands,E45000016,influenza_healthcare_hospitalAdmissionRateByWeek,healthcare,default,all,all,2022,11,45,2022-11-07,1.37,False
infectious_disease,respiratory,Influenza,UKHSA Region,East Midlands,E45000016,influenza_healthcare_hospitalAdmissionRateByWeek,healthcare,default,all,all,2022,11,46,2022-11-14,2.85,False
infectious_disease,respiratory,Influenza,UKHSA Region,East Midlands,E45000016,influenza_healthcare_hospitalAdmissionRateByWeek,healthcare,default,all,all,2022,11,47,2022-11-21,2.64,False
infectious_disease,respiratory,Influenza,UKHSA Region,East Midlands,E45000016,influenza_healthcare_hospitalAdmissionRateByWeek,healthcare,default,all,all,2022,11,48,2022-11-28,4.11,False
infectious_disease,respiratory,Influenza,UKHSA Region,East Midlands,E45000016,influenza_healthcare_hospitalAdmissionRateByWeek,healthcare,default,all,all,2022,12,49,2022-12-05,9.38,False
infectious_disease,respiratory,Influenza,UKHSA Region,East Midlands,E45000016,influenza_healthcare_hospitalAdmissionRateByWeek,healthcare,default,all,all,2022,12,50,2022-12-12,9.38,False
infectious_disease,respiratory,Influenza,UKHSA Region,East Midlands,E45000016,influenza_healthcare_hospitalAdmissionRateByWeek,healthcare,default,all,all,2022,12,51,2022-12-19,21.08,False
infectious_disease,respiratory,Influenza,UKHSA Region,East Midlands,E45000016,influenza_healthcare_hospitalAdmissionRateByWeek,healthcare,default,all,all,2022,12,52,2022-12-26,17.08,False
infectious_disease,respiratory,Influenza,UKHSA Region,East Midlands,E45000016,influenza_healthcare_hospitalAdmissionRateByWeek,healthcare,default,all,all,2023,1,1,2023-01-02,12.02,False
infectious_disease,respiratory,Influenza,UKHSA Region,East Midlands,E45000016,influenza_healthcare_hospitalAdmissionRateByWeek,healthcare,default,all,all,2023,1,2,2023-01-09,5.27,False
infectious_disease,respiratory,Influenza,UKHSA Region,East Midlands,E45000016,influenza_healthcare_hospitalAdmissionRateByWeek,healthcare,default,all,all,2023,1,3,2023-01-16,1.79,False
infectious_disease,respiratory,Influenza,UKHSA Region,East Midlands,E45000016,influenza_healthcare_hospitalAdmissionRateByWeek,healthcare,default,all,all,2023,1,4,2023-01-23,2.21,False
infectious_disease,respiratory,Influenza,UKHSA Region,East Midlands,E45000016,influenza_healthcare_hospitalAdmissionRateByWeek,healthcare,default,all,all,2023,1,5,2023-01-30,1.48,False
infectious_disease,respiratory,Influenza,UKHSA Region,East Midlands,E45000016,influenza_healthcare_hospitalAdmissionRateByWeek,healthcare,default,all,all,2023,2,6,2023-02-06,1.27,False
infectious_disease,respiratory,Influenza,UKHSA Region,East Midlands,E45000016,influenza_healthcare_hospitalAdmissionRateByWeek,healthcare,default,all,all,2023,2,7,2023-02-13,2.53,False
infectious_disease,respiratory,Influenza,UKHSA Region,East Midlands,E45000016,influenza_healthcare_hospitalAdmissionRateByWeek,healthcare,default,all,all,2023,2,8,2023-02-20,2.11,False
infectious_disease,respiratory,Influenza,UKHSA Region,East Midlands,E45000016,influenza_healthcare_hospitalAdmissionRateByWeek,healthcare,default,all,all,2023,2,9,2023-02-27,1.16,False
infectious_disease,respiratory,Influenza,UKHSA Region,East Midlands,E45000016,influenza_healthcare_hospitalAdmissionRateByWeek,healthcare,default,all,all,2023,3,10,2023-03-06,1.37,False
infectious_disease,respiratory,Influenza,UKHSA Region,East Midlands,E45000016,influenza_healthcare_hospitalAdmissionRateByWeek,healthcare,default,all,all,2023,3,11,2023-03-13,0.63,False
infectious_disease,respiratory,Influenza,UKHSA Region,East Midlands,E45000016,influenza_healthcare_hospitalAdmissionRateByWeek,healthcare,default,all,all,2023,3,12,2023-03-20,0.63,False
infectious_disease,respiratory,Influenza,UKHSA Region,East Midlands,E45000016,influenza_healthcare_hospitalAdmissionRateByWeek,healthcare,default,all,all,2023,3,13,2023-03-27,1.16,False
infectious_disease,respiratory,Influenza,UKHSA Region,East Midlands,E45000016,influenza_healthcare_hospitalAdmissionRateByWeek,healthcare,default,all,all,2023,4,14,2023-04-03,0.11,False
infectious_disease,respiratory,Influenza,UKHSA Region,East Midlands,E45000016,influenza_healthcare_hospitalAdmissionRateByWeek,healthcare,default,all,all,2023,4,15,2023-04-10,0.32,False
infectious_disease,respiratory,Influenza,UKHSA Region,East Midlands,E45000016,influenza_healthcare_hospitalAdmissionRateByWeek,healthcare,default,all,all,2023,4,16,2023-04-17,0.21,False
infectious_disease,respiratory,Influenza,UKHSA Region,East Midlands,E45000016,influenza_healthcare_hospitalAdmissionRateByWeek,healthcare,default,all,all,2023,4,17,2023-04-24,0.11,False
infectious_disease,respiratory,Influenza,UKHSA Region,East Midlands,E45000016,influenza_healthcare_hospitalAdmissionRateByWeek,healthcare,default,all,all,2023,5,18,2023-05-01,0.11,False
infectious_disease,respiratory,Influenza,UKHSA Region,East Midlands,E45000016,influenza_healthcare_hospitalAdmissionRateByWeek,healthcare,default,all,all,2023,5,19,2023-05-08,0.0,False
infectious_disease,respiratory,Influenza,UKHSA Region,East Midlands,E45000016,influenza_healthcare_hospitalAdmissionRateByWeek,healthcare,default,all,all,2023,5,20,2023-05-15,0.11,False
infectious_disease,respiratory,Influenza,UKHSA Region,East Midlands,E45000016,influenza_healthcare_hospitalAdmissionRateByWeek,healthcare,default,all,all,2023,7,31,2023-07-31,0.0,False
infectious_disease,respiratory,Influenza,UKHSA Region,East Midlands,E45000016,influenza_healthcare_hospitalAdmissionRateByWeek,healthcare,default,all,all,2023,10,40,2023-10-02,0.42,False
infectious_disease,respiratory,Influenza,UKHSA Region,East Midlands,E45000016,influenza_healthcare_hospitalAdmissionRateByWeek,healthcare,default,all,all,2023,10,41,2023-10-09,0.11,False
infectious_disease,respiratory,Influenza,UKHSA Region,East Midlands,E45000016,influenza_healthcare_hospitalAdmissionRateByWeek,healthcare,default,all,all,2023,10,42,2023-10-16,0.53,False
infectious_disease,respiratory,Influenza,UKHSA Region,East Midlands,E45000016,influenza_healthcare_hospitalAdmissionRateByWeek,healthcare,default,all,all,2023,10,43,2023-10-23,0.53,False
infectious_disease,respiratory,Influenza,UKHSA Region,East Midlands,E45000016,influenza_healthcare_hospitalAdmissionRateByWeek,healthcare,default,all,all,2023,10,44,2023-10-30,0.95,False
infectious_disease,respiratory,Influenza,UKHSA Region,East Midlands,E45000016,influenza_healthcare_hospitalAdmissionRateByWeek,healthcare,default,all,all,2023,11,45,2023-11-06,0.74,False
infectious_disease,respiratory,Influenza,UKHSA Region,East Midlands,E45000016,influenza_healthcare_hospitalAdmissionRateByWeek,healthcare,default,all,all,2023,11,46,2023-11-13,1.16,False
infectious_disease,respiratory,Influenza,UKHSA Region,East Midlands,E45000016,influenza_healthcare_hospitalAdmissionRateByWeek,healthcare,default,all,all,2023,11,47,2023-11-20,1.37,False
infectious_disease,respiratory,Influenza,UKHSA Region,East Midlands,E45000016,influenza_healthcare_hospitalAdmissionRateByWeek,healthcare,default,all,all,2023,11,48,2023-11-27,1.37,False
infectious_disease,respiratory,Influenza,UKHSA Region,East Midlands,E45000016,influenza_healthcare_hospitalAdmissionRateByWeek,healthcare,default,all,all,2023,12,49,2023-12-04,2.42,False
infectious_disease,respiratory,Influenza,UKHSA Region,East Midlands,E45000016,influenza_healthcare_hospitalAdmissionRateByWeek,healthcare,default,all,all,2023,12,50,2023-12-11,3.31,False
infectious_disease,respiratory,Influenza,UKHSA Region,East Midlands,E45000016,influenza_healthcare_hospitalAdmissionRateByWeek,healthcare,default,all,all,2023,12,51,2023-12-18,4.85,False
infectious_disease,respiratory,Influenza,UKHSA Region,East Midlands,E45000016,influenza_healthcare_hospitalAdmissionRateByWeek,healthcare,default,all,all,2023,12,52,2023-12-25,6.43,False
infectious_disease,respiratory,Influenza,UKHSA Region,East Midlands,E45000016,influenza_healthcare_hospitalAdmissionRateByWeek,healthcare,default,all,all,2024,1,1,2024-01-01,4.03,False
infectious_disease,respiratory,Influenza,UKHSA Region,East Midlands,E45000016,influenza_healthcare_hospitalAdmissionRateByWeek,healthcare,default,all,all,2024,1,2,2024-01-08,3.15,False
infectious_disease,respiratory,Influenza,UKHSA Region,East Midlands,E45000016,influenza_healthcare_hospitalAdmissionRateByWeek,healthcare,default,all,all,2024,1,3,2024-01-15,5.27,False
infectious_disease,respiratory,Influenza,UKHSA Region,East Midlands,E45000016,influenza_healthcare_hospitalAdmissionRateByWeek,healthcare,default,all,all,2024,1,4,2024-01-22,6.05,False
infectious_disease,respiratory,Influenza,UKHSA Region,East Midlands,E45000016,influenza_healthcare_hospitalAdmissionRateByWeek,healthcare,default,all,all,2024,1,5,2024-01-29,7.17,False
infectious_disease,respiratory,Influenza,UKHSA Region,East Midlands,E45000016,influenza_healthcare_hospitalAdmissionRateByWeek,healthcare,default,all,all,2024,2,6,2024-02-05,4.76,False
infectious_disease,respiratory,Influenza,UKHSA Region,East Midlands,E45000016,influenza_healthcare_hospitalAdmissionRateByWeek,healthcare,default,all,all,2024,2,7,2024-02-12,3.8,False
infectious_disease,respiratory,Influenza,UKHSA Region,East Midlands,E45000016,influenza_healthcare_hospitalAdmissionRateByWeek,healthcare,default,all,all,2024,2,8,2024-02-19,1.86,False
infectious_disease,respiratory,Influenza,UKHSA Region,East Midlands,E45000016,influenza_healthcare_hospitalAdmissionRateByWeek,healthcare,default,all,all,2024,2,9,2024-02-26,0.95,False
infectious_disease,respiratory,Influenza,UKHSA Region,East Midlands,E45000016,influenza_healthcare_hospitalAdmissionRateByWeek,healthcare,default,all,all,2024,3,10,2024-03-04,1.29,False
infectious_disease,respiratory,Influenza,UKHSA Region,East Midlands,E45000016,influenza_healthcare_hospitalAdmissionRateByWeek,healthcare,default,all,all,2024,3,11,2024-03-11,1.79,False
infectious_disease,respiratory,Influenza,UKHSA Region,East Midlands,E45000016,influenza_healthcare_hospitalAdmissionRateByWeek,healthcare,default,all,all,2024,3,12,2024-03-18,1.9,False
infectious_disease,respiratory,Influenza,UKHSA Region,East Midlands,E45000016,influenza_healthcare_hospitalAdmissionRateByWeek,healthcare,default,all,all,2024,3,13,2024-03-25,0.74,False
infectious_disease,respiratory,Influenza,UKHSA Region,East Midlands,E45000016,influenza_healthcare_hospitalAdmissionRateByWeek,healthcare,default,all,all,2024,4,14,2024-04-01,0.81,False
infectious_disease,respiratory,Influenza,UKHSA Region,East Midlands,E45000016,influenza_healthcare_hospitalAdmissionRateByWeek,healthcare,default,all,all,2024,4,15,2024-04-08,0.53,False
infectious_disease,respiratory,Influenza,UKHSA Region,East Midlands,E45000016,influenza_healthcare_hospitalAdmissionRateByWeek,healthcare,default,all,all,2024,4,16,2024-04-15,0.32,False
infectious_disease,respiratory,Influenza,UKHSA Region,East Midlands,E45000016,influenza_healthcare_hospitalAdmissionRateByWeek,healthcare,default,all,all,2024,4,17,2024-04-22,0.32,False
infectious_disease,respiratory,Influenza,UKHSA Region,East Midlands,E45000016,influenza_healthcare_hospitalAdmissionRateByWeek,healthcare,default,all,all,2024,4,18,2024-04-29,0.63,False
infectious_disease,respiratory,Influenza,UKHSA Region,East Midlands,E45000016,influenza_healthcare_hospitalAdmissionRateByWeek,healthcare,default,all,all,2024,5,19,2024-05-06,0.21,False
infectious_disease,respiratory,Influenza,UKHSA Region,East Midlands,E45000016,influenza_healthcare_hospitalAdmissionRateByWeek,healthcare,default,all,all,2024,5,20,2024-05-13,0.32,False
